sid,BUFF,NOT,AND,PI,PO,LP
0,28003,21218,24346,683,529,24
1,27227,22304,24501,683,529,24
2,25136,22685,23646,683,529,25
3,27505,22196,24586,683,529,24
4,25770,22853,24047,683,529,24
5,27473,21828,24386,683,529,25
6,24553,22970,23497,683,529,25
7,26798,22119,24194,683,529,24
8,29408,21871,25375,683,529,25
9,29499,21246,25108,683,529,25
10,27333,22246,24525,683,529,24
11,26871,21948,24145,683,529,24
12,29015,21868,25177,683,529,25
13,25573,22048,23546,683,529,24
14,24712,22393,23288,683,529,24
15,27669,21940,24540,683,529,24
16,25753,22586,23905,683,529,25
17,29495,21026,24996,683,529,25
18,23811,24186,23734,683,529,25
19,25847,22702,24010,683,529,26
20,28274,21415,24580,683,529,25
21,30887,21180,25769,683,529,25
22,25423,23996,24445,683,529,24
23,26470,22011,23976,683,529,25
24,24061,22740,23136,683,529,24
25,26359,25470,25650,683,529,27
26,26271,22258,24000,683,529,24
27,24676,22897,23522,683,529,24
28,25999,22508,23989,683,529,25
29,26901,22552,24462,683,529,24
30,23575,24794,23920,683,529,27
31,25275,22888,23817,683,529,24
32,26801,22422,24347,683,529,24
33,27823,21898,24596,683,529,24
34,25039,23238,23874,683,529,24
35,26428,22053,23976,683,529,24
36,29066,23019,25778,683,529,25
37,27312,21177,23980,683,529,24
38,29173,22304,25474,683,529,25
39,25172,22601,23622,683,529,24
40,26213,22800,24242,683,529,24
41,26798,22057,24163,683,529,25
42,30847,21008,25663,683,529,25
43,28565,22986,25511,683,529,25
44,27045,21730,24123,683,529,24
45,29811,21102,25192,683,529,25
46,26060,22883,24207,683,529,25
47,28441,22282,25097,683,529,25
48,24614,26419,25252,683,529,27
49,26612,22229,24156,683,529,24
50,31561,22128,26580,683,529,27
51,25035,22470,23488,683,529,25
52,27467,23268,25103,683,529,25
53,26135,22492,24049,683,529,24
54,24759,23002,23616,683,529,25
55,27214,21981,24333,683,529,25
56,25699,22292,23731,683,529,24
57,28621,22242,25167,683,529,25
58,25991,22816,24139,683,529,24
59,28728,21737,24968,683,529,25
60,27830,21605,24453,683,529,24
61,28585,21260,24658,683,529,24
62,25955,22320,23873,683,529,24
63,25204,22313,23494,683,529,25
64,25732,22119,23661,683,529,25
65,25376,22629,23738,683,529,24
66,26232,25109,25406,683,529,27
67,28362,21441,24637,683,529,25
68,25412,22615,23749,683,529,25
69,27366,22877,24857,683,529,25
70,23651,23308,23215,683,529,25
71,28084,22193,24874,683,529,25
72,27346,22491,24654,683,529,25
73,27604,22401,24738,683,529,25
74,26689,22090,24125,683,529,24
75,24562,22643,23338,683,529,25
76,24730,23301,23751,683,529,24
77,27168,22495,24567,683,529,24
78,26613,22066,24075,683,529,24
79,26477,22106,24027,683,529,24
80,28182,21645,24649,683,529,24
81,23940,23903,23657,683,529,25
82,26611,22840,24461,683,529,24
83,28608,21837,24958,683,529,24
84,27753,22198,24711,683,529,24
85,28496,21703,24835,683,529,25
86,26215,22036,23861,683,529,25
87,24128,22733,23166,683,529,24
88,26267,21840,23789,683,529,25
89,29886,20833,25095,683,529,25
90,27701,22218,24695,683,529,25
91,26152,22939,24281,683,529,24
92,25778,23449,24349,683,529,24
93,28690,21501,24831,683,529,24
94,28034,21113,24309,683,529,24
95,27062,21601,24067,683,529,24
96,25176,22253,23450,683,529,25
97,24375,23436,23641,683,529,24
98,25712,23581,24382,683,529,26
99,28118,22131,24860,683,529,24
100,25958,22189,23809,683,529,24
101,27669,24778,25959,683,529,27
102,28036,21995,24751,683,529,24
103,23996,24451,23959,683,529,25
104,29286,21757,25257,683,529,24
105,30368,20877,25358,683,529,25
106,25653,22800,23962,683,529,24
107,28671,20872,24507,683,529,24
108,25613,22870,23977,683,529,24
109,26902,21807,24090,683,529,24
110,26296,22473,24120,683,529,25
111,28013,22506,24995,683,529,25
112,28422,21173,24533,683,529,24
113,28243,22174,24944,683,529,24
114,26126,22781,24189,683,529,25
115,27408,23269,25074,683,529,25
116,26317,22490,24139,683,529,24
117,27032,21693,24098,683,529,24
118,26435,22630,24268,683,529,24
119,29113,22780,25682,683,529,25
120,25077,22062,23305,683,529,24
121,27959,22506,24968,683,529,24
122,27385,23088,24972,683,529,24
123,27830,22477,24889,683,529,25
124,25555,21984,23505,683,529,24
125,24357,23214,23521,683,529,25
126,26551,22706,24364,683,529,24
127,25054,22459,23492,683,529,24
128,28016,21575,24531,683,529,24
129,25842,22765,24039,683,529,25
130,26844,22511,24413,683,529,25
131,27782,22555,24904,683,529,24
132,28634,22161,25133,683,529,24
133,25653,23190,24157,683,529,25
134,25532,23195,24099,683,529,24
135,24658,22745,23437,683,529,24
136,26081,22290,23921,683,529,25
137,29257,21392,25060,683,529,24
138,27228,21899,24299,683,529,24
139,23425,24460,23678,683,529,25
140,35579,18910,26980,683,529,27
141,25878,23817,24583,683,529,24
142,25426,23125,24011,683,529,25
143,24584,23163,23609,683,529,24
144,32048,22183,26851,683,529,27
145,28413,21818,24851,683,529,25
146,26184,22491,24073,683,529,25
147,25512,22113,23548,683,529,24
148,26182,22385,24019,683,529,25
149,26602,22873,24473,683,529,25
150,26974,22299,24372,683,529,24
151,25753,22816,24020,683,529,25
152,25126,23161,23879,683,529,26
153,28563,22116,25075,683,529,24
154,26319,22124,23957,683,529,25
155,23832,23161,23232,683,529,25
156,25620,25677,25384,683,529,27
157,29195,21556,25111,683,529,24
158,26447,23358,24638,683,529,25
159,29585,22082,25569,683,529,24
160,28859,21612,24971,683,529,25
161,27778,22003,24626,683,529,24
162,26023,23150,24322,683,529,24
163,27946,22409,24913,683,529,25
164,28658,21395,24762,683,529,24
165,28004,22079,24777,683,529,25
166,28038,22073,24791,683,529,24
167,27304,21193,23984,683,529,24
168,25579,22924,23987,683,529,25
169,26027,22508,24003,683,529,24
170,27306,22113,24445,683,529,24
171,28378,22575,25212,683,529,25
172,27617,24590,25839,683,529,27
173,23851,22778,23050,683,529,25
174,26844,23573,24944,683,529,25
175,26543,22516,24265,683,529,25
176,24075,22860,23203,683,529,24
177,26903,22846,24610,683,529,24
178,23093,24616,23590,683,529,25
179,26530,22831,24416,683,529,25
180,29935,21650,25528,683,529,25
181,27438,23355,25132,683,529,24
182,24100,22681,23126,683,529,24
183,26827,22206,24252,683,529,24
184,26504,22073,24024,683,529,25
185,28179,21466,24558,683,529,24
186,25332,23887,24345,683,529,25
187,28950,21709,25065,683,529,25
188,27192,22227,24445,683,529,24
189,23905,23332,23354,683,529,24
190,26573,22294,24169,683,529,24
191,29101,21240,24906,683,529,24
192,26310,22341,24061,683,529,25
193,28584,22065,25060,683,529,25
194,29209,21878,25279,683,529,24
195,25922,22317,23855,683,529,24
196,26112,22827,24205,683,529,25
197,27108,22545,24562,683,529,24
198,29400,21505,25188,683,529,25
199,27870,21407,24374,683,529,24
200,27285,24084,25420,683,529,25
201,26480,22397,24174,683,529,24
202,28167,22244,24941,683,529,25
203,28298,22609,25189,683,529,25
204,25651,22436,23779,683,529,24
205,25921,22584,23988,683,529,24
206,28230,22521,25111,683,529,25
207,27782,22473,24863,683,529,24
208,25562,26031,25532,683,529,27
209,25994,22227,23846,683,529,24
210,27391,24684,25773,683,529,27
211,26090,22833,24197,683,529,25
212,26569,22322,24181,683,529,25
213,25458,22853,23891,683,529,24
214,28070,21451,24496,683,529,24
215,26784,23249,24752,683,529,24
216,26679,22528,24339,683,529,25
217,26519,22276,24133,683,529,25
218,25850,22029,23675,683,529,24
219,27068,22261,24400,683,529,24
220,28731,21818,25010,683,529,24
221,28905,22198,25287,683,529,25
222,27418,22093,24491,683,529,24
223,25696,22741,23954,683,529,25
224,27791,22240,24751,683,529,24
225,29360,21655,25243,683,529,25
226,29201,22520,25596,683,529,25
227,26834,22271,24288,683,529,24
228,29560,22019,25525,683,529,25
229,26662,22263,24198,683,529,25
230,25385,22980,23918,683,529,24
231,26239,23662,24686,683,529,25
232,27849,21534,24427,683,529,24
233,25530,22111,23556,683,529,24
234,25106,22599,23588,683,529,24
235,26961,22254,24343,683,529,25
236,25184,22763,23709,683,529,25
237,25043,23068,23791,683,529,24
238,25906,22947,24162,683,529,25
239,28161,21444,24538,683,529,24
240,25725,22322,23759,683,529,25
241,27005,21784,24130,683,529,24
242,28291,22088,24925,683,529,24
243,27712,21517,24350,683,529,24
244,28489,21250,24605,683,529,24
245,26039,22560,24035,683,529,25
246,24951,24822,24622,683,529,27
247,24514,23249,23617,683,529,24
248,26221,22564,24128,683,529,25
249,25500,24875,24923,683,529,27
250,30254,21355,25540,683,529,25
251,26774,22609,24427,683,529,25
252,27579,21772,24411,683,529,25
253,29900,21795,25583,683,529,25
254,30217,21380,25534,683,529,24
255,26754,22295,24260,683,529,25
256,24005,22820,23148,683,529,24
257,29527,21338,25168,683,529,25
258,24194,23529,23597,683,529,25
259,26823,23558,24926,683,529,24
260,27059,22756,24643,683,529,24
261,26313,23034,24409,683,529,25
262,29483,21274,25114,683,529,25
263,26675,22428,24287,683,529,24
264,29290,21253,25007,683,529,24
265,24137,23388,23498,683,529,24
266,28010,21711,24596,683,529,25
267,26838,23341,24825,683,529,24
268,24122,24819,24206,683,529,27
269,27165,21886,24261,683,529,25
270,25706,22997,24087,683,529,24
271,28784,21657,24956,683,529,24
272,27179,22222,24436,683,529,24
273,25691,22136,23649,683,529,24
274,25978,22335,23892,683,529,24
275,24779,22774,23512,683,529,25
276,27876,21655,24501,683,529,24
277,28726,22157,25177,683,529,24
278,25850,22651,23986,683,529,25
279,26211,22610,24146,683,529,25
280,29406,21399,25138,683,529,25
281,26684,22363,24259,683,529,24
282,26488,23437,24698,683,529,24
283,29668,21035,25087,683,529,24
284,24894,22347,23356,683,529,25
285,29309,21948,25364,683,529,24
286,25484,22245,23600,683,529,24
287,25114,22559,23572,683,529,24
288,25445,23150,24033,683,529,24
289,24186,22681,23169,683,529,24
290,25207,22220,23449,683,529,25
291,27061,22174,24353,683,529,25
292,27806,21697,24487,683,529,24
293,27073,22394,24469,683,529,24
294,24814,23103,23694,683,529,24
295,25317,22124,23456,683,529,25
296,25042,23063,23788,683,529,25
297,28793,21554,24909,683,529,25
298,29696,21313,25240,683,529,25
299,24903,22818,23596,683,529,25
300,29121,21176,24884,683,529,25
301,28140,21715,24663,683,529,24
302,27900,21853,24612,683,529,25
303,27097,21962,24265,683,529,24
304,29268,21935,25337,683,529,25
305,27059,22640,24585,683,529,25
306,27035,23166,24836,683,529,24
307,26106,22287,23932,683,529,24
308,26969,22224,24332,683,529,24
309,27326,23009,24903,683,529,25
310,27572,22011,24527,683,529,24
311,26982,25267,25860,683,529,27
312,25655,22908,24017,683,529,24
313,25992,22165,23814,683,529,24
314,25707,22336,23757,683,529,24
315,27747,22064,24641,683,529,24
316,26470,22229,24085,683,529,24
317,28246,23419,25568,683,529,24
318,24149,22668,23144,683,529,25
319,28783,22670,25462,683,529,24
320,27110,22455,24518,683,529,24
321,25694,22245,23705,683,529,24
322,32088,21639,26599,683,529,25
323,26515,22378,24182,683,529,24
324,27589,22054,24557,683,529,25
325,25394,22851,23858,683,529,25
326,28584,22751,25403,683,529,25
327,23029,25524,24012,683,529,27
328,27391,21412,24137,683,529,24
329,26681,23322,24737,683,529,25
330,31543,21800,26407,683,529,27
331,29094,22247,25406,683,529,25
332,24613,22692,23388,683,529,24
333,26597,22360,24214,683,529,25
334,28779,20876,24563,683,529,24
335,24043,22702,23108,683,529,24
336,28870,21667,25004,683,529,25
337,28525,23162,25579,683,529,25
338,28112,23641,25612,683,529,27
339,25074,22197,23371,683,529,24
340,26364,25853,25844,683,529,27
341,25571,22636,23839,683,529,25
342,25958,22937,24183,683,529,25
343,27399,21804,24337,683,529,24
344,25149,22968,23794,683,529,24
345,24895,23096,23731,683,529,25
346,27372,22785,24814,683,529,24
347,25264,23099,23917,683,529,24
348,24192,23485,23574,683,529,25
349,27481,22656,24804,683,529,24
350,25785,21814,23535,683,529,24
351,26546,22191,24104,683,529,24
352,27352,23271,25047,683,529,25
353,26318,22517,24153,683,529,25
354,23596,23077,23072,683,529,25
355,24319,23604,23697,683,529,25
356,27048,22525,24522,683,529,25
357,24963,22382,23408,683,529,25
358,27922,22481,24937,683,529,24
359,25742,23051,24132,683,529,25
360,29033,21864,25184,683,529,25
361,26752,22665,24444,683,529,25
362,30479,21122,25536,683,529,25
363,27597,22026,24547,683,529,24
364,26015,22756,24121,683,529,25
365,26872,22157,24250,683,529,24
366,27534,22397,24701,683,529,24
367,28325,21694,24745,683,529,25
368,26380,21697,23774,683,529,24
369,26143,21962,23788,683,529,24
370,28393,22382,25123,683,529,24
371,27518,21605,24297,683,529,24
372,25531,23686,24344,683,529,25
373,27893,21780,24572,683,529,24
374,28597,22600,25334,683,529,24
375,25434,25723,25314,683,529,27
376,26850,21995,24158,683,529,24
377,29490,21693,25327,683,529,25
378,26836,23173,24740,683,529,24
379,26775,22284,24265,683,529,24
380,26029,22072,23786,683,529,24
381,27901,22100,24736,683,529,24
382,28198,21521,24595,683,529,24
383,27158,21639,24134,683,529,24
384,28651,22002,25062,683,529,24
385,25649,22576,23848,683,529,25
386,25184,23179,23917,683,529,25
387,27597,22322,24695,683,529,25
388,26372,23261,24552,683,529,25
389,24661,22784,23458,683,529,24
390,25686,23197,24177,683,529,25
391,25146,23031,23824,683,529,25
392,29951,21408,25415,683,529,25
393,29510,21383,25182,683,529,24
394,25859,22440,23885,683,529,24
395,28570,22865,25453,683,529,25
396,28077,22150,24849,683,529,24
397,29360,21243,25037,683,529,25
398,27046,21573,24045,683,529,24
399,25272,22601,23672,683,529,24
400,29654,21937,25531,683,529,25
401,26762,22659,24446,683,529,24
402,30835,22262,26284,683,529,27
403,29194,21665,25165,683,529,24
404,26979,22432,24441,683,529,24
405,24308,23201,23490,683,529,25
406,26446,22613,24265,683,529,24
407,26429,22134,24017,683,529,24
408,25283,22614,23684,683,529,25
409,27109,23616,25098,683,529,24
410,27480,21847,24399,683,529,24
411,25243,23246,23980,683,529,24
412,25986,22725,24091,683,529,25
413,26308,23273,24526,683,529,25
414,24417,23080,23484,683,529,25
415,26767,21506,23872,683,529,24
416,28479,21978,24964,683,529,25
417,24484,23665,23810,683,529,25
418,26238,22307,24008,683,529,24
419,26578,21743,23896,683,529,24
420,27910,22673,25027,683,529,25
421,29449,23240,26080,683,529,27
422,28698,21375,24772,683,529,24
423,25269,22944,23842,683,529,25
424,25363,22208,23521,683,529,24
425,26219,23562,24626,683,529,25
426,30166,21475,25556,683,529,25
427,30347,20816,25317,683,529,25
428,29058,21397,24963,683,529,25
429,26761,21942,24087,683,529,24
430,27496,22327,24647,683,529,24
431,25087,24012,24285,683,529,25
432,27808,23219,25249,683,529,25
433,26731,22354,24278,683,529,24
434,28667,21816,24977,683,529,24
435,29485,21384,25170,683,529,25
436,27107,21932,24255,683,529,24
437,25458,21711,23320,683,529,24
438,29782,21551,25402,683,529,25
439,28268,22087,24913,683,529,24
440,26646,22019,24068,683,529,24
441,28060,23733,25632,683,529,27
442,28278,21365,24557,683,529,24
443,25526,22543,23770,683,529,24
444,25466,23139,24038,683,529,24
445,27173,22356,24500,683,529,25
446,29006,23085,25781,683,529,25
447,28041,22442,24977,683,529,25
448,28662,22163,25148,683,529,24
449,27306,23421,25099,683,529,25
450,30721,20770,25481,683,529,25
451,27484,21955,24455,683,529,24
452,24079,23222,23386,683,529,25
453,26386,22683,24270,683,529,25
454,27606,22681,24879,683,529,25
455,26526,22423,24210,683,529,25
456,28676,22135,25141,683,529,25
457,28609,22784,25432,683,529,25
458,25842,22533,23923,683,529,24
459,25324,23047,23921,683,529,24
460,24325,22678,23237,683,529,25
461,28295,22364,25065,683,529,24
462,29524,21413,25204,683,529,25
463,25063,25658,25096,683,529,27
464,28114,23315,25450,683,529,25
465,27428,24957,25928,683,529,27
466,26003,23080,24277,683,529,25
467,23197,24662,23665,683,529,27
468,27866,22009,24673,683,529,25
469,26219,22218,23954,683,529,24
470,27756,21993,24610,683,529,25
471,26787,22374,24316,683,529,24
472,28646,21755,24936,683,529,25
473,27745,22392,24804,683,529,25
474,28794,23157,25711,683,529,27
475,27942,22725,25069,683,529,24
476,28404,21483,24679,683,529,24
477,27901,22356,24864,683,529,25
478,26579,22490,24270,683,529,25
479,29029,21620,25060,683,529,25
480,27156,23063,24845,683,529,24
481,28231,21926,24814,683,529,24
482,27540,21801,24406,683,529,24
483,24523,23106,23550,683,529,25
484,28505,22916,25446,683,529,24
485,24739,23628,23919,683,529,24
486,28487,21424,24691,683,529,25
487,26939,22292,24351,683,529,25
488,25183,22638,23646,683,529,25
489,29067,21064,24801,683,529,25
490,27682,23033,25093,683,529,24
491,27416,23443,25165,683,529,24
492,28920,22069,25230,683,529,25
493,27016,23543,25015,683,529,24
494,23237,24906,23807,683,529,27
495,27779,22450,24850,683,529,25
496,29183,22014,25334,683,529,24
497,28218,21641,24665,683,529,25
498,23767,23278,23258,683,529,25
499,27289,22396,24578,683,529,24
500,29074,21673,25109,683,529,25
501,29341,22232,25522,683,529,25
502,26966,24873,25655,683,529,27
503,28359,21886,24858,683,529,25
504,28383,22808,25331,683,529,25
505,24690,23025,23593,683,529,24
506,29611,21404,25243,683,529,25
507,28941,22006,25209,683,529,25
508,27783,21668,24461,683,529,24
509,27312,21859,24321,683,529,24
510,24607,22492,23285,683,529,25
511,23972,24609,24026,683,529,27
512,25790,22103,23682,683,529,24
513,26722,23027,24610,683,529,24
514,26814,22051,24168,683,529,25
515,25534,22411,23708,683,529,25
516,25403,22676,23775,683,529,24
517,28859,23110,25720,683,529,25
518,27948,22983,25201,683,529,24
519,26477,22384,24166,683,529,25
520,25760,23107,24169,683,529,24
521,27459,21870,24400,683,529,24
522,26294,23219,24492,683,529,24
523,30189,21394,25527,683,529,25
524,27293,22000,24382,683,529,25
525,27008,22263,24371,683,529,24
526,27778,22437,24843,683,529,24
527,24794,23301,23783,683,529,25
528,24876,22987,23667,683,529,25
529,27595,22062,24564,683,529,24
530,27288,21545,24152,683,529,25
531,28343,22040,24927,683,529,25
532,25179,24402,24526,683,529,25
533,28142,22601,25107,683,529,24
534,25085,22502,23529,683,529,24
535,31466,21485,26211,683,529,25
536,26131,22186,23894,683,529,24
537,26093,22098,23831,683,529,24
538,27553,21338,24181,683,529,24
539,24951,22566,23494,683,529,24
540,25345,22738,23777,683,529,24
541,24608,22711,23395,683,529,24
542,28465,21376,24656,683,529,25
543,29762,21285,25259,683,529,25
544,23490,23529,23245,683,529,24
545,28561,23352,25692,683,529,27
546,27692,21257,24210,683,529,24
547,28525,23616,25806,683,529,27
548,26343,22264,24039,683,529,25
549,26722,22535,24364,683,529,24
550,24059,23794,23662,683,529,25
551,25523,22132,23563,683,529,24
552,28503,21348,24661,683,529,24
553,26452,22303,24113,683,529,25
554,28619,21762,24926,683,529,24
555,25656,24481,24804,683,529,27
556,27322,23035,24914,683,529,24
557,30062,21093,25313,683,529,24
558,27214,22699,24692,683,529,24
559,27541,21648,24330,683,529,25
560,26536,22969,24488,683,529,24
561,25352,22571,23697,683,529,24
562,25224,22301,23498,683,529,25
563,28081,21594,24573,683,529,24
564,28875,22362,25354,683,529,24
565,29824,21199,25247,683,529,24
566,25368,22481,23660,683,529,25
567,27995,22698,25082,683,529,25
568,23189,24624,23642,683,529,27
569,24583,23134,23594,683,529,25
570,27363,23264,25049,683,529,24
571,26416,23293,24590,683,529,25
572,28028,22105,24802,683,529,24
573,26671,21770,23956,683,529,24
574,26879,22594,24472,683,529,25
575,30863,21056,25695,683,529,25
576,25298,24425,24597,683,529,25
577,28431,21990,24946,683,529,24
578,28704,22103,25139,683,529,25
579,25458,22369,23649,683,529,25
580,29482,21697,25325,683,529,25
581,29998,21233,25351,683,529,25
582,26802,22453,24363,683,529,24
583,26980,22229,24340,683,529,25
584,27661,22576,24854,683,529,24
585,27904,22373,24874,683,529,24
586,27354,21989,24407,683,529,24
587,24868,22301,23320,683,529,25
588,26104,22313,23944,683,529,24
589,27752,22575,24899,683,529,24
590,25966,23365,24401,683,529,25
591,28325,22028,24912,683,529,25
592,24892,24227,24295,683,529,25
593,26840,22837,24574,683,529,24
594,27753,22126,24675,683,529,24
595,23836,24351,23829,683,529,25
596,27930,22057,24729,683,529,25
597,24401,22814,23343,683,529,25
598,24287,23120,23439,683,529,24
599,26953,22706,24565,683,529,25
600,25609,21890,23485,683,529,25
601,26249,23066,24393,683,529,24
602,25927,22452,23925,683,529,25
603,27279,22152,24451,683,529,24
604,26911,22558,24470,683,529,24
605,28076,23175,25361,683,529,25
606,27520,23439,25215,683,529,25
607,27409,23168,25024,683,529,24
608,27711,21586,24384,683,529,24
609,27198,22749,24709,683,529,25
610,27104,22267,24421,683,529,24
611,27587,22740,24899,683,529,25
612,25314,25061,24923,683,529,27
613,26169,22344,23992,683,529,24
614,25578,23041,24045,683,529,24
615,26619,22280,24185,683,529,24
616,24332,23343,23573,683,529,25
617,27568,21611,24325,683,529,24
618,28638,22613,25361,683,529,24
619,26474,24613,25279,683,529,25
620,25415,22704,23795,683,529,25
621,30738,20789,25499,683,529,25
622,25374,22341,23593,683,529,25
623,28449,21488,24704,683,529,24
624,24562,23377,23705,683,529,24
625,25564,22455,23745,683,529,25
626,27208,23291,24985,683,529,25
627,30710,21411,25796,683,529,25
628,28974,23745,26095,683,529,27
629,24781,22556,23404,683,529,25
630,26233,23624,24664,683,529,25
631,28240,22099,24905,683,529,25
632,26397,22518,24193,683,529,25
633,27092,21989,24276,683,529,24
634,29264,21405,25070,683,529,25
635,25936,23353,24380,683,529,24
636,26681,22458,24305,683,529,25
637,24892,23583,23973,683,529,25
638,27129,23728,25164,683,529,24
639,23575,24570,23808,683,529,25
640,27336,22235,24521,683,529,24
641,25451,22654,23788,683,529,25
642,28236,21887,24797,683,529,25
643,26507,21754,23866,683,529,24
644,25505,23080,24028,683,529,25
645,27578,23227,25138,683,529,25
646,27310,21641,24211,683,529,24
647,26352,22505,24164,683,529,25
648,27056,22175,24351,683,529,24
649,26220,22639,24165,683,529,25
650,23492,23605,23284,683,529,24
651,26546,22403,24210,683,529,25
652,28139,21996,24803,683,529,25
653,26136,22165,23886,683,529,25
654,28662,22793,25463,683,529,24
655,30189,21046,25353,683,529,25
656,25309,22130,23455,683,529,25
657,27679,21786,24468,683,529,24
658,27118,21783,24186,683,529,25
659,25810,22529,23905,683,529,25
660,25136,22803,23705,683,529,25
661,27871,21818,24580,683,529,24
662,22838,24383,23346,683,529,27
663,26204,22463,24069,683,529,25
664,29047,22052,25285,683,529,24
665,24826,22171,23234,683,529,24
666,27789,21700,24480,683,529,24
667,29835,21412,25359,683,529,25
668,27660,22877,25004,683,529,25
669,25844,21911,23613,683,529,24
670,24911,22976,23679,683,529,25
671,27996,21397,24432,683,529,24
672,28648,22509,25314,683,529,25
673,28488,21461,24710,683,529,25
674,28993,20804,24634,683,529,24
675,29963,21258,25346,683,529,24
676,26947,21512,23965,683,529,25
677,25685,22874,24015,683,529,25
678,27581,22374,24713,683,529,24
679,28054,21481,24503,683,529,25
680,27390,23671,25266,683,529,25
681,25820,24735,25013,683,529,25
682,26667,21970,24054,683,529,25
683,23670,23567,23354,683,529,24
684,26163,23910,24772,683,529,25
685,27991,22474,24968,683,529,25
686,26762,22543,24388,683,529,24
687,26089,22994,24277,683,529,24
688,25571,23010,24026,683,529,24
689,26083,22736,24145,683,529,25
690,26569,22060,24050,683,529,24
691,27363,23050,24942,683,529,26
692,27485,22038,24497,683,529,25
693,24575,23452,23749,683,529,25
694,26132,22611,24107,683,529,24
695,27455,22616,24771,683,529,25
696,26625,23284,24690,683,529,24
697,29254,22665,25695,683,529,25
698,28244,21163,24439,683,529,25
699,25264,23419,24077,683,529,24
700,25874,22237,23791,683,529,24
701,25915,22350,23868,683,529,24
702,29889,20626,24993,683,529,24
703,28196,23163,25415,683,529,25
704,26055,22730,24128,683,529,24
705,26061,22612,24072,683,529,24
706,26367,23162,24500,683,529,24
707,26348,22501,24160,683,529,24
708,27849,22888,25104,683,529,25
709,26051,23358,24440,683,529,26
710,25732,22013,23608,683,529,24
711,27880,22095,24723,683,529,24
712,23611,22990,23036,683,529,24
713,27328,22115,24457,683,529,24
714,28768,22713,25476,683,529,24
715,25012,23115,23799,683,529,25
716,27636,21743,24425,683,529,24
717,23743,23428,23321,683,529,25
718,25592,21827,23445,683,529,24
719,25524,22285,23640,683,529,24
720,26907,22184,24281,683,529,24
721,26984,22069,24262,683,529,25
722,28271,22224,24983,683,529,25
723,28602,22231,25152,683,529,24
724,27083,21848,24201,683,529,24
725,25805,22632,23954,683,529,24
726,27438,22393,24651,683,529,24
727,26788,22121,24190,683,529,24
728,28682,21365,24759,683,529,24
729,26006,22689,24083,683,529,24
730,25555,22970,23998,683,529,24
731,27741,21718,24465,683,529,24
732,25866,21393,23365,683,529,24
733,28084,22557,25056,683,529,25
734,27460,21353,24142,683,529,25
735,27779,22942,25096,683,529,25
736,26324,24747,25271,683,529,27
737,27033,23022,24763,683,529,25
738,26838,22101,24205,683,529,24
739,25356,22941,23884,683,529,25
740,26857,22776,24552,683,529,24
741,28672,21969,25056,683,529,25
742,25000,22309,23390,683,529,24
743,29289,21880,25320,683,529,25
744,27586,22991,25024,683,529,25
745,26925,22716,24556,683,529,24
746,28746,21555,24886,683,529,24
747,25958,21983,23706,683,529,24
748,28167,23352,25495,683,529,25
749,27508,21975,24477,683,529,24
750,28263,21034,24384,683,529,24
751,28575,22978,25512,683,529,25
752,27788,22053,24656,683,529,24
753,26190,22393,24027,683,529,25
754,25543,22574,23794,683,529,25
755,26775,21996,24121,683,529,24
756,26453,22430,24177,683,529,25
757,25305,25022,24899,683,529,27
758,28327,21480,24639,683,529,25
759,27926,23207,25302,683,529,25
760,28751,21892,25057,683,529,25
761,26216,22365,24026,683,529,25
762,28689,22352,25256,683,529,24
763,27743,21830,24522,683,529,25
764,23654,23137,23131,683,529,25
765,25826,23203,24250,683,529,25
766,29519,21522,25256,683,529,24
767,28299,22472,25121,683,529,25
768,25351,22790,23806,683,529,25
769,25243,22370,23542,683,529,24
770,25255,22950,23838,683,529,25
771,26130,25505,25553,683,529,27
772,27190,22665,24663,683,529,25
773,27726,22807,25002,683,529,25
774,26073,24124,24834,683,529,25
775,28319,22850,25320,683,529,24
776,28007,23256,25367,683,529,25
777,28514,22397,25191,683,529,24
778,26144,22733,24174,683,529,25
779,30526,21933,25965,683,529,25
780,27259,23612,25171,683,529,25
781,28643,22522,25318,683,529,25
782,23972,23147,23295,683,529,25
783,28478,21707,24828,683,529,24
784,26294,23101,24433,683,529,24
785,26176,22349,23998,683,529,24
786,28154,21859,24742,683,529,24
787,27753,21452,24338,683,529,24
788,29038,21271,24890,683,529,24
789,25507,22698,23838,683,529,24
790,28655,21892,25009,683,529,24
791,25396,23359,24113,683,529,24
792,28402,21283,24578,683,529,24
793,24605,23206,23641,683,529,25
794,26965,21852,24144,683,529,24
795,25924,22907,24151,683,529,25
796,25919,22378,23884,683,529,24
797,29655,21138,25132,683,529,25
798,24796,23073,23670,683,529,24
799,25060,22551,23541,683,529,24
800,26132,22425,24014,683,529,25
801,25269,22150,23445,683,529,25
802,23963,22816,23125,683,529,25
803,25862,21637,23485,683,529,24
804,23612,23215,23149,683,529,25
805,26307,22072,23925,683,529,24
806,29244,21481,25098,683,529,25
807,25453,22742,23833,683,529,25
808,30036,21161,25334,683,529,24
809,28690,21503,24832,683,529,25
810,28447,21782,24850,683,529,24
811,27230,22809,24755,683,529,25
812,28733,21772,24988,683,529,25
813,27230,21807,24254,683,529,25
814,26226,25433,25565,683,529,27
815,28120,21759,24675,683,529,24
816,24687,25402,24780,683,529,27
817,26317,22608,24198,683,529,25
818,23883,24532,23943,683,529,27
819,27202,21785,24229,683,529,24
820,28942,22019,25216,683,529,25
821,25055,23266,23896,683,529,24
822,31298,21551,26160,683,529,25
823,28920,22017,25204,683,529,25
824,25761,21906,23569,683,529,24
825,28345,21558,24687,683,529,24
826,27343,23142,24978,683,529,25
827,24216,24457,24072,683,529,27
828,27164,21757,24196,683,529,24
829,25421,22356,23624,683,529,25
830,27533,22008,24506,683,529,25
831,28704,21351,24763,683,529,24
832,28246,22287,25002,683,529,24
833,26405,22436,24156,683,529,24
834,27325,22368,24582,683,529,25
835,26691,22142,24152,683,529,25
836,27021,21662,24077,683,529,24
837,25613,22338,23711,683,529,24
838,29627,22102,25600,683,529,24
839,24280,22727,23239,683,529,25
840,28307,23250,25514,683,529,24
841,29068,21755,25147,683,529,25
842,27225,22810,24753,683,529,24
843,28630,22407,25254,683,529,25
844,28958,21955,25192,683,529,24
845,27956,23063,25245,683,529,25
846,24249,23534,23627,683,529,25
847,28463,22036,24985,683,529,24
848,27041,22000,24256,683,529,25
849,26237,22174,23941,683,529,25
850,26436,22575,24241,683,529,24
851,25978,23233,24341,683,529,25
852,28174,23437,25541,683,529,25
853,29763,20890,25062,683,529,25
854,25450,24349,24635,683,529,25
855,28878,22123,25236,683,529,24
856,28085,23354,25455,683,529,24
857,25206,22395,23536,683,529,24
858,28086,23487,25522,683,529,27
859,25972,22353,23898,683,529,24
860,27225,22148,24422,683,529,24
861,25024,22411,23453,683,529,24
862,26393,22334,24099,683,529,25
863,26465,22524,24230,683,529,25
864,24755,22836,23531,683,529,25
865,26817,21942,24115,683,529,24
866,29099,21810,25190,683,529,24
867,26317,22380,24084,683,529,25
868,30651,21046,25584,683,529,25
869,25670,21983,23562,683,529,24
870,28844,21775,25045,683,529,25
871,27982,23453,25453,683,529,25
872,27952,23215,25319,683,529,25
873,24391,23148,23505,683,529,25
874,28617,22496,25292,683,529,25
875,28971,21660,25051,683,529,24
876,25082,23135,23844,683,529,24
877,24042,23433,23473,683,529,25
878,30853,20432,25378,683,529,25
879,27394,21871,24368,683,529,24
880,25592,22969,24016,683,529,24
881,26450,22295,24108,683,529,25
882,28816,21685,24986,683,529,25
883,26700,21671,23921,683,529,24
884,27749,21652,24436,683,529,24
885,28011,21924,24703,683,529,25
886,26451,22770,24346,683,529,24
887,28567,21968,25003,683,529,25
888,26198,22115,23892,683,529,25
889,25023,23440,23967,683,529,25
890,28104,22733,25154,683,529,25
891,24581,22704,23378,683,529,25
892,27240,23659,25185,683,529,24
893,26195,22928,24297,683,529,25
894,29069,21270,24905,683,529,24
895,27300,21467,24119,683,529,24
896,25089,22942,23751,683,529,25
897,27359,21660,24245,683,529,25
898,28098,21791,24680,683,529,25
899,26395,22912,24389,683,529,24
900,24980,23029,23740,683,529,24
901,28547,21434,24726,683,529,24
902,25963,22962,24198,683,529,24
903,27330,21529,24165,683,529,25
904,27461,24778,25855,683,529,27
905,26508,24901,25440,683,529,25
906,26759,22420,24325,683,529,24
907,26811,22352,24317,683,529,25
908,26795,22032,24149,683,529,25
909,26412,22867,24375,683,529,25
910,30643,20734,25424,683,529,24
911,24162,23621,23627,683,529,24
912,28197,21762,24715,683,529,25
913,26500,22443,24207,683,529,25
914,29584,21573,25314,683,529,25
915,24593,23178,23621,683,529,25
916,29730,21155,25178,683,529,24
917,27346,21837,24327,683,529,24
918,30333,21696,25750,683,529,25
919,25716,25271,25229,683,529,27
920,29108,23139,25859,683,529,25
921,26639,25016,25563,683,529,27
922,26036,22211,23859,683,529,24
923,29223,22110,25402,683,529,25
924,23117,24212,23400,683,529,25
925,25864,22921,24128,683,529,24
926,28206,22457,25067,683,529,24
927,27888,21333,24346,683,529,24
928,25361,22046,23439,683,529,24
929,29118,22021,25305,683,529,25
930,27343,22146,24480,683,529,24
931,27478,21657,24303,683,529,24
932,25091,22274,23418,683,529,24
933,28010,22975,25228,683,529,25
934,24826,22419,23358,683,529,25
935,25820,25057,25174,683,529,27
936,27687,22464,24811,683,529,24
937,27881,21474,24413,683,529,24
938,27718,22427,24808,683,529,25
939,29768,21725,25482,683,529,25
940,27345,22784,24800,683,529,24
941,24043,24596,24055,683,529,27
942,25007,22298,23388,683,529,24
943,25740,23579,24395,683,529,25
944,29021,22270,25381,683,529,24
945,27338,21939,24374,683,529,24
946,27081,22252,24402,683,529,25
947,25959,23056,24243,683,529,24
948,25763,22274,23754,683,529,24
949,26280,23393,24572,683,529,25
950,25504,21955,23465,683,529,24
951,30933,20372,25388,683,529,25
952,24125,23464,23530,683,529,25
953,31846,20433,25875,683,529,25
954,30446,21729,25823,683,529,25
955,27432,22223,24563,683,529,24
956,26583,23478,24766,683,529,25
957,28607,23820,25949,683,529,25
958,26991,22472,24467,683,529,25
959,27768,21941,24590,683,529,25
960,28576,22239,25143,683,529,24
961,27809,22736,25008,683,529,24
962,27548,22559,24789,683,529,24
963,25217,22994,23841,683,529,25
964,25392,24303,24583,683,529,25
965,30880,21463,25907,683,529,25
966,27190,21983,24322,683,529,25
967,27320,21483,24137,683,529,24
968,24057,22642,23085,683,529,24
969,25648,22543,23831,683,529,24
970,25625,22724,23910,683,529,24
971,30265,22422,26079,683,529,25
972,25768,23011,24125,683,529,25
973,26760,22627,24429,683,529,24
974,26314,22247,24016,683,529,24
975,25535,24894,24950,683,529,27
976,28745,22766,25491,683,529,25
977,27589,22518,24789,683,529,24
978,30609,20552,25316,683,529,24
979,26824,22935,24615,683,529,24
980,26898,22513,24441,683,529,24
981,31268,21339,26039,683,529,25
982,27492,21631,24297,683,529,24
983,25181,22406,23529,683,529,24
984,29600,22451,25761,683,529,25
985,25645,22272,23694,683,529,24
986,26769,22356,24298,683,529,24
987,25046,23831,24174,683,529,25
988,24662,22381,23257,683,529,25
989,28663,21610,24872,683,529,24
990,28361,22514,25173,683,529,25
991,26526,22299,24148,683,529,24
992,25276,23225,23986,683,529,24
993,27229,21500,24100,683,529,25
994,29139,22098,25354,683,529,24
995,27145,21828,24222,683,529,24
996,29058,21451,24990,683,529,24
997,27076,23159,24853,683,529,24
998,26905,22130,24253,683,529,24
999,27957,21904,24666,683,529,25
1000,26499,23528,24749,683,529,26
1001,24695,22580,23373,683,529,25
1002,25492,23073,24018,683,529,25
1003,24488,22257,23108,683,529,25
1004,29832,21261,25282,683,529,24
1005,28203,22032,24853,683,529,25
1006,26948,21791,24105,683,529,24
1007,25569,21928,23484,683,529,25
1008,26414,22265,24075,683,529,25
1009,24173,23610,23627,683,529,24
1010,25380,22215,23533,683,529,25
1011,30699,20988,25579,683,529,24
1012,28010,22051,24766,683,529,24
1013,28192,22169,24916,683,529,24
1014,27278,22041,24395,683,529,24
1015,25711,22660,23921,683,529,25
1016,28523,22484,25239,683,529,25
1017,26279,22194,23972,683,529,24
1018,25927,22438,23918,683,529,24
1019,30883,20758,25556,683,529,25
1020,28629,24072,26086,683,529,27
1021,24425,23046,23471,683,529,25
1022,26561,22150,24091,683,529,25
1023,28539,21738,24874,683,529,25
1024,27044,22601,24558,683,529,25
1025,24979,23518,23984,683,529,24
1026,26684,21921,24038,683,529,24
1027,26874,22151,24248,683,529,25
1028,24454,23357,23641,683,529,24
1029,25804,22349,23812,683,529,24
1030,24011,23096,23289,683,529,25
1031,28065,22426,24981,683,529,24
1032,28263,22942,25338,683,529,27
1033,30390,20963,25412,683,529,25
1034,26174,22099,23872,683,529,24
1035,26509,23874,24927,683,529,25
1036,29309,22538,25659,683,529,24
1037,27434,22759,24832,683,529,25
1038,27477,21332,24140,683,529,25
1039,26586,22439,24248,683,529,25
1040,27843,21382,24348,683,529,24
1041,30520,21035,25513,683,529,25
1042,25364,22737,23786,683,529,24
1043,29245,21486,25101,683,529,24
1044,26399,22008,23939,683,529,24
1045,27072,21923,24233,683,529,25
1046,24747,22502,23360,683,529,25
1047,24580,23005,23528,683,529,25
1048,24962,22713,23573,683,529,25
1049,26281,23876,24814,683,529,25
1050,26298,22717,24243,683,529,25
1051,28049,21614,24567,683,529,24
1052,24301,24638,24205,683,529,27
1053,26311,22272,24027,683,529,24
1054,28037,22174,24841,683,529,25
1055,27899,22430,24900,683,529,25
1056,27329,22930,24865,683,529,24
1057,28675,21010,24578,683,529,24
1058,26387,23566,24712,683,529,25
1059,24951,22908,23665,683,529,24
1060,29430,21647,25274,683,529,24
1061,28874,21791,25068,683,529,25
1062,28724,24625,26410,683,529,27
1063,23610,23903,23492,683,529,25
1064,28195,21348,24507,683,529,24
1065,27783,22892,25073,683,529,25
1066,26160,22083,23857,683,529,24
1067,28967,22098,25268,683,529,25
1068,25848,22537,23928,683,529,25
1069,27689,23300,25230,683,529,25
1070,26447,23022,24470,683,529,24
1071,25663,22784,23959,683,529,25
1072,27987,22286,24872,683,529,24
1073,24241,22804,23258,683,529,25
1074,26798,21493,23881,683,529,25
1075,28161,22750,25191,683,529,25
1076,26907,23984,25181,683,529,25
1077,25536,22325,23666,683,529,25
1078,27612,23083,25083,683,529,25
1079,30261,21286,25509,683,529,25
1080,24946,23153,23785,683,529,25
1081,35691,19046,27104,683,529,27
1082,26421,21900,23896,683,529,24
1083,29402,24219,26546,683,529,27
1084,29942,20515,24964,683,529,25
1085,26620,22431,24261,683,529,25
1086,27647,21812,24465,683,529,25
1087,29733,20864,25034,683,529,24
1088,28470,21053,24497,683,529,24
1089,29405,21792,25334,683,529,24
1090,26856,23615,24971,683,529,25
1091,25842,22585,23949,683,529,25
1092,25372,25243,25043,683,529,27
1093,28312,22649,25216,683,529,25
1094,29161,22328,25480,683,529,25
1095,24063,23578,23556,683,529,24
1096,28865,20772,24554,683,529,24
1097,25351,21948,23385,683,529,24
1098,27050,23055,24788,683,529,25
1099,25464,22661,23798,683,529,25
1100,23840,23501,23406,683,529,25
1101,25039,23198,23854,683,529,25
1102,27642,23611,25362,683,529,25
1103,28195,21354,24510,683,529,24
1104,29575,22120,25583,683,529,25
1105,24827,23050,23674,683,529,25
1106,25906,22899,24138,683,529,24
1107,25426,22645,23771,683,529,25
1108,26911,21662,24022,683,529,24
1109,28403,21766,24820,683,529,24
1110,27177,22376,24512,683,529,24
1111,27195,21970,24318,683,529,24
1112,29036,22697,25602,683,529,25
1113,28229,21812,24756,683,529,24
1114,25447,22258,23588,683,529,25
1115,28295,21948,24857,683,529,24
1116,24658,23229,23679,683,529,25
1117,27689,21934,24547,683,529,25
1118,26235,23722,24714,683,529,24
1119,27033,22708,24606,683,529,24
1120,27377,21796,24322,683,529,24
1121,26829,24740,25520,683,529,27
1122,24144,22833,23224,683,529,25
1123,28623,21840,24967,683,529,24
1124,26239,22106,23908,683,529,25
1125,25066,22999,23768,683,529,25
1126,24990,22867,23664,683,529,25
1127,28820,21145,24718,683,529,24
1128,23420,23465,23178,683,529,24
1129,28888,24341,26350,683,529,27
1130,25771,22330,23786,683,529,24
1131,22412,23979,22931,683,529,25
1132,28950,22453,25437,683,529,25
1133,26975,23988,25217,683,529,25
1134,23681,23526,23339,683,529,25
1135,25206,23499,24088,683,529,25
1136,24936,23697,24052,683,529,24
1137,25307,23778,24278,683,529,24
1138,28853,22954,25639,683,529,25
1139,26983,24080,25267,683,529,25
1140,25467,23164,24051,683,529,25
1141,25811,22062,23672,683,529,25
1142,26393,22456,24160,683,529,25
1143,29815,21708,25497,683,529,24
1144,28050,21989,24755,683,529,25
1145,26452,22549,24236,683,529,25
1146,28256,21419,24573,683,529,25
1147,28554,22481,25253,683,529,25
1148,27980,21381,24416,683,529,24
1149,24387,22290,23074,683,529,25
1150,27534,21641,24323,683,529,24
1151,23509,22854,22917,683,529,24
1152,25752,23631,24427,683,529,26
1153,29076,21113,24830,683,529,24
1154,27663,23056,25095,683,529,25
1155,26834,22407,24356,683,529,25
1156,29424,21873,25384,683,529,25
1157,28891,21178,24770,683,529,25
1158,26041,23190,24351,683,529,25
1159,24343,22984,23399,683,529,24
1160,30519,21028,25509,683,529,24
1161,25122,22861,23727,683,529,25
1162,25317,22570,23679,683,529,25
1163,29926,21239,25318,683,529,24
1164,27490,22091,24526,683,529,24
1165,30052,21787,25655,683,529,25
1166,23721,24250,23721,683,529,25
1167,26571,22116,24079,683,529,24
1168,28492,22271,25117,683,529,25
1169,25778,22577,23913,683,529,24
1170,26472,22193,24068,683,529,25
1171,28079,22638,25094,683,529,24
1172,26014,22943,24214,683,529,25
1173,26520,22295,24143,683,529,25
1174,26481,22570,24261,683,529,24
1175,24779,22722,23486,683,529,25
1176,26792,21977,24120,683,529,24
1177,30054,21603,25564,683,529,25
1178,24733,22384,23294,683,529,24
1179,28795,22526,25396,683,529,25
1180,28782,21949,25101,683,529,24
1181,29758,20843,25036,683,529,24
1182,27625,23648,25372,683,529,24
1183,28089,22806,25183,683,529,25
1184,26146,22631,24124,683,529,25
1185,26871,22522,24432,683,529,25
1186,26592,24509,25286,683,529,25
1187,26994,22275,24370,683,529,24
1188,25042,25273,24893,683,529,27
1189,28211,21738,24710,683,529,25
1190,26951,23326,24874,683,529,24
1191,27060,22867,24699,683,529,24
1192,28692,22199,25181,683,529,25
1193,28770,23143,25692,683,529,27
1194,25625,22968,24032,683,529,24
1195,27648,21555,24337,683,529,24
1196,23785,23092,23174,683,529,24
1197,28374,23407,25626,683,529,24
1198,26440,22419,24165,683,529,24
1199,28684,21097,24626,683,529,24
1200,27253,22000,24362,683,529,24
1201,26957,22132,24280,683,529,24
1202,24647,23016,23567,683,529,25
1203,28285,21148,24452,683,529,24
1204,25872,22493,23918,683,529,24
1205,24834,22287,23296,683,529,24
1206,28807,20920,24599,683,529,24
1207,25048,26031,25275,683,529,27
1208,25888,22719,24039,683,529,24
1209,26461,22150,24041,683,529,25
1210,30447,21304,25611,683,529,25
1211,28368,21575,24707,683,529,25
1212,28009,22304,24892,683,529,25
1213,28395,21978,24922,683,529,24
1214,26800,25207,25739,683,529,25
1215,25247,22994,23856,683,529,25
1216,27810,22399,24840,683,529,24
1217,22900,23751,23061,683,529,24
1218,25927,22256,23827,683,529,24
1219,27346,22495,24656,683,529,24
1220,25281,23452,24102,683,529,25
1221,28312,22033,24908,683,529,25
1222,26154,22169,23897,683,529,25
1223,27866,22411,24874,683,529,24
1224,26437,24416,25162,683,529,27
1225,25219,22382,23536,683,529,25
1226,24509,22532,23256,683,529,25
1227,27576,22071,24559,683,529,24
1228,26753,22602,24413,683,529,24
1229,26180,22507,24079,683,529,24
1230,25534,22829,23917,683,529,25
1231,27183,22094,24374,683,529,24
1232,26626,23237,24667,683,529,24
1233,30553,21210,25617,683,529,25
1234,29154,22691,25658,683,529,24
1235,26262,22171,23952,683,529,24
1236,26185,22492,24074,683,529,24
1237,25575,23192,24119,683,529,25
1238,24082,23249,23401,683,529,25
1239,28641,22550,25331,683,529,25
1240,25676,22481,23814,683,529,25
1241,28060,21419,24475,683,529,24
1242,27202,22953,24813,683,529,24
1243,27932,22285,24844,683,529,24
1244,26760,22553,24392,683,529,25
1245,29840,20699,25005,683,529,25
1246,26360,22791,24311,683,529,25
1247,24241,24342,24027,683,529,25
1248,25270,22539,23640,683,529,25
1249,27361,21266,24049,683,529,24
1250,28716,21797,24992,683,529,24
1251,26821,22604,24448,683,529,25
1252,29459,21794,25362,683,529,24
1253,27134,23571,25088,683,529,25
1254,25811,22944,24113,683,529,24
1255,26105,22632,24104,683,529,25
1256,30425,20990,25443,683,529,25
1257,27908,22649,25014,683,529,25
1258,29138,20791,24700,683,529,25
1259,28978,21737,25093,683,529,25
1260,22741,24114,23163,683,529,25
1261,25984,23579,24517,683,529,25
1262,25556,22651,23839,683,529,24
1263,31929,22358,26879,683,529,27
1264,29164,21755,25195,683,529,25
1265,25325,23050,23923,683,529,25
1266,27206,22057,24367,683,529,24
1267,27427,22696,24797,683,529,24
1268,24546,23139,23578,683,529,25
1269,26144,21713,23664,683,529,25
1270,28811,22122,25202,683,529,25
1271,29572,21167,25105,683,529,24
1272,26306,25055,25416,683,529,27
1273,26686,22337,24247,683,529,24
1274,26726,22429,24313,683,529,25
1275,29231,21672,25187,683,529,25
1276,27272,21727,24235,683,529,24
1277,28676,21751,24949,683,529,25
1278,25422,22725,23809,683,529,25
1279,25048,24799,24659,683,529,27
1280,26522,22677,24335,683,529,24
1281,26987,22150,24304,683,529,24
1282,28810,21193,24737,683,529,25
1283,28367,22618,25228,683,529,24
1284,26852,23011,24667,683,529,24
1285,29062,22367,25450,683,529,25
1286,25567,24628,24833,683,529,25
1287,25666,22921,24029,683,529,24
1288,26799,21570,23920,683,529,25
1289,24860,22711,23521,683,529,24
1290,27899,21714,24542,683,529,25
1291,27300,22111,24441,683,529,24
1292,24718,23031,23610,683,529,25
1293,27841,21756,24534,683,529,24
1294,35918,19129,27259,683,529,27
1295,25592,23265,24164,683,529,24
1296,27381,22318,24585,683,529,24
1297,24983,23266,23860,683,529,24
1298,29491,21866,25414,683,529,24
1299,24472,25121,24532,683,529,27
1300,26462,22625,24279,683,529,24
1301,27611,22122,24602,683,529,24
1302,26959,23128,24779,683,529,24
1303,27941,23390,25401,683,529,25
1304,26780,22805,24528,683,529,24
1305,28337,21282,24545,683,529,25
1306,26011,22318,23900,683,529,24
1307,30158,21271,25450,683,529,25
1308,27746,21903,24560,683,529,24
1309,25093,22208,23386,683,529,25
1310,27583,22412,24733,683,529,25
1311,26782,22733,24493,683,529,25
1312,25142,22327,23470,683,529,24
1313,29271,21318,25030,683,529,24
1314,25422,25487,25190,683,529,27
1315,27438,22715,24812,683,529,25
1316,26878,22587,24468,683,529,24
1317,28115,23510,25548,683,529,25
1318,26736,21579,23893,683,529,24
1319,27139,22366,24488,683,529,24
1320,28804,21665,24970,683,529,24
1321,24889,22000,23180,683,529,25
1322,28830,22045,25173,683,529,25
1323,27845,21406,24361,683,529,24
1324,24973,22636,23540,683,529,25
1325,25470,23697,24319,683,529,24
1326,25622,24765,24929,683,529,25
1327,26816,22759,24523,683,529,25
1328,26108,22169,23874,683,529,25
1329,26857,22072,24200,683,529,25
1330,28356,22645,25236,683,529,25
1331,25741,22648,23930,683,529,24
1332,28434,22817,25361,683,529,25
1333,28149,21752,24686,683,529,24
1334,26949,22002,24211,683,529,25
1335,25920,22723,24057,683,529,25
1336,29322,22663,25728,683,529,24
1337,28258,23239,25484,683,529,25
1338,23980,24085,23768,683,529,25
1339,24408,23399,23639,683,529,25
1340,28949,21918,25169,683,529,24
1341,24631,22346,23224,683,529,25
1342,27752,22333,24778,683,529,24
1343,28101,21738,24655,683,529,25
1344,25287,22984,23871,683,529,25
1345,25945,22790,24103,683,529,24
1346,27250,21479,24100,683,529,24
1347,25876,23049,24198,683,529,24
1348,27275,22412,24579,683,529,24
1349,25982,23033,24243,683,529,24
1350,27143,22664,24639,683,529,25
1351,28381,22200,25026,683,529,25
1352,27958,21687,24558,683,529,25
1353,25041,22738,23625,683,529,25
1354,26305,22808,24292,683,529,24
1355,29615,21060,25073,683,529,24
1356,23889,23442,23401,683,529,25
1357,24832,22505,23404,683,529,25
1358,28280,21747,24749,683,529,24
1359,30110,20485,25033,683,529,24
1360,29157,23818,26223,683,529,27
1361,26098,23117,24343,683,529,25
1362,26165,22310,23973,683,529,25
1363,28874,21549,24947,683,529,24
1364,28483,24470,26212,683,529,27
1365,26434,22539,24222,683,529,25
1366,28290,22413,25087,683,529,24
1367,25719,22342,23766,683,529,25
1368,28714,22297,25241,683,529,25
1369,26732,23525,24864,683,529,25
1370,26606,22273,24175,683,529,24
1371,26104,22307,23941,683,529,24
1372,27931,21568,24485,683,529,25
1373,23882,23981,23667,683,529,25
1374,26621,22388,24240,683,529,25
1375,26016,22643,24065,683,529,24
1376,28454,21887,24906,683,529,25
1377,30135,20976,25291,683,529,25
1378,28134,22117,24861,683,529,25
1379,26568,24153,25096,683,529,25
1380,27590,21383,24222,683,529,25
1381,24493,23024,23494,683,529,25
1382,35903,19122,27248,683,529,27
1383,26998,22295,24382,683,529,24
1384,29075,22508,25527,683,529,24
1385,29057,22562,25545,683,529,25
1386,25341,22344,23578,683,529,24
1387,27509,21250,24115,683,529,24
1388,25242,22725,23719,683,529,24
1389,28779,23942,26096,683,529,27
1390,24919,22984,23687,683,529,24
1391,27524,21935,24465,683,529,25
1392,26970,22157,24299,683,529,24
1393,25217,23752,24220,683,529,25
1394,26835,21828,24067,683,529,25
1395,25727,22636,23917,683,529,25
1396,24300,23109,23440,683,529,24
1397,28583,22656,25355,683,529,25
1398,24715,22666,23426,683,529,24
1399,27476,21899,24423,683,529,24
1400,29316,21653,25220,683,529,25
1401,26426,22181,24039,683,529,25
1402,25398,23599,24234,683,529,25
1403,26681,22480,24316,683,529,24
1404,25676,23037,24092,683,529,25
1405,26471,22118,24030,683,529,25
1406,27292,22695,24729,683,529,24
1407,25862,22555,23944,683,529,24
1408,29543,22030,25522,683,529,25
1409,28530,22079,25040,683,529,25
1410,24315,26258,25022,683,529,27
1411,29743,21800,25507,683,529,25
1412,30038,22249,25879,683,529,24
1413,25828,22457,23878,683,529,24
1414,25855,22364,23845,683,529,25
1415,28507,22660,25319,683,529,25
1416,24819,22964,23627,683,529,25
1417,28493,21702,24833,683,529,25
1418,24223,23108,23401,683,529,24
1419,24444,22911,23413,683,529,24
1420,29218,22177,25433,683,529,25
1421,26602,22333,24203,683,529,24
1422,27778,22481,24865,683,529,24
1423,26798,22681,24475,683,529,25
1424,25795,23196,24231,683,529,25
1425,28176,22425,25036,683,529,24
1426,27354,22749,24787,683,529,24
1427,28322,21901,24847,683,529,25
1428,26823,22192,24243,683,529,24
1429,29295,22674,25720,683,529,25
1430,28509,22372,25176,683,529,25
1431,31049,21372,25946,683,529,25
1432,28474,21707,24826,683,529,24
1433,27131,22128,24365,683,529,24
1434,24728,23261,23730,683,529,25
1435,27989,21862,24661,683,529,25
1436,28146,22747,25182,683,529,24
1437,25221,22138,23415,683,529,25
1438,25384,22695,23775,683,529,24
1439,26275,22464,24105,683,529,24
1440,28661,22042,25087,683,529,25
1441,26575,22360,24203,683,529,24
1442,27907,22748,25063,683,529,25
1443,29656,21833,25480,683,529,25
1444,27203,21762,24218,683,529,24
1445,26101,22332,23952,683,529,24
1446,25512,22807,23895,683,529,24
1447,26592,22833,24448,683,529,24
1448,24362,23787,23810,683,529,25
1449,23548,23327,23173,683,529,24
1450,29092,21793,25178,683,529,25
1451,25081,23360,23956,683,529,25
1452,24963,22822,23628,683,529,24
1453,28467,22414,25176,683,529,25
1454,26763,22594,24414,683,529,24
1455,26731,22644,24423,683,529,24
1456,25461,22926,23929,683,529,24
1457,24016,22415,22951,683,529,25
1458,26233,22210,23957,683,529,24
1459,25890,22275,23818,683,529,24
1460,28275,22374,25060,683,529,25
1461,26293,22074,23919,683,529,25
1462,23098,23285,22927,683,529,25
1463,26927,23380,24889,683,529,24
1464,26536,24607,25307,683,529,25
1465,25419,21666,23278,683,529,25
1466,26978,22065,24257,683,529,25
1467,26663,22138,24136,683,529,25
1468,25843,22216,23765,683,529,25
1469,26786,22957,24607,683,529,24
1470,26239,23052,24381,683,529,25
1471,27335,22066,24436,683,529,24
1472,25258,22611,23670,683,529,24
1473,26311,22344,24063,683,529,24
1474,24877,23124,23736,683,529,24
1475,25766,22445,23841,683,529,25
1476,26590,21963,24012,683,529,24
1477,26680,22477,24314,683,529,25
1478,29876,21689,25518,683,529,25
1479,25560,23191,24111,683,529,24
1480,29257,22102,25415,683,529,25
1481,26518,22239,24114,683,529,24
1482,26983,22356,24405,683,529,25
1483,29351,21652,25237,683,529,25
1484,22764,24273,23254,683,529,25
1485,24585,23524,23790,683,529,25
1486,28931,23322,25862,683,529,24
1487,27099,21384,23977,683,529,25
1488,25906,22167,23772,683,529,25
1489,26995,22350,24408,683,529,25
1490,27527,22394,24696,683,529,24
1491,29174,21887,25266,683,529,25
1492,28097,21806,24687,683,529,24
1493,26407,23158,24518,683,529,25
1494,27738,21415,24312,683,529,24
1495,24381,24648,24250,683,529,27
1496,26252,22703,24213,683,529,24
1497,26180,22121,23886,683,529,24
1498,24907,25604,24991,683,529,27
1499,26084,21883,23719,683,529,25
